n_nodes,n_dv,backend,device,per_call_ms,stamp_os,stamp_arch,stamp_cpu,stamp_python,stamp_gpu,stamp_gpu_driver
1,3,jax,cpu,0.10740000288933516,Windows 11,AMD64,"AMD64 Family 23 Model 113 Stepping 0, AuthenticAMD",3.12.13,NVIDIA GeForce RTX 4060,610.88
1,3,casadi,cpu,0.05259999306872487,Windows 11,AMD64,"AMD64 Family 23 Model 113 Stepping 0, AuthenticAMD",3.12.13,NVIDIA GeForce RTX 4060,610.88
1,3,csdl,cpu,3.5459000209812075,Windows 11,AMD64,"AMD64 Family 23 Model 113 Stepping 0, AuthenticAMD",3.12.13,NVIDIA GeForce RTX 4060,610.88
1,3,warp,cuda:0,1.131500001065433,Windows 11,AMD64,"AMD64 Family 23 Model 113 Stepping 0, AuthenticAMD",3.12.13,NVIDIA GeForce RTX 4060,610.88
4,12,jax,cpu,0.15200002235360444,Windows 11,AMD64,"AMD64 Family 23 Model 113 Stepping 0, AuthenticAMD",3.12.13,NVIDIA GeForce RTX 4060,610.88
4,12,casadi,cpu,0.055800017435103655,Windows 11,AMD64,"AMD64 Family 23 Model 113 Stepping 0, AuthenticAMD",3.12.13,NVIDIA GeForce RTX 4060,610.88
4,12,csdl,cpu,3.184900007909164,Windows 11,AMD64,"AMD64 Family 23 Model 113 Stepping 0, AuthenticAMD",3.12.13,NVIDIA GeForce RTX 4060,610.88
4,12,warp,cuda:0,0.8656000136397779,Windows 11,AMD64,"AMD64 Family 23 Model 113 Stepping 0, AuthenticAMD",3.12.13,NVIDIA GeForce RTX 4060,610.88
16,48,jax,cpu,0.11424999684095383,Windows 11,AMD64,"AMD64 Family 23 Model 113 Stepping 0, AuthenticAMD",3.12.13,NVIDIA GeForce RTX 4060,610.88
16,48,casadi,cpu,0.06769999163225293,Windows 11,AMD64,"AMD64 Family 23 Model 113 Stepping 0, AuthenticAMD",3.12.13,NVIDIA GeForce RTX 4060,610.88
16,48,csdl,cpu,3.2088000152725726,Windows 11,AMD64,"AMD64 Family 23 Model 113 Stepping 0, AuthenticAMD",3.12.13,NVIDIA GeForce RTX 4060,610.88
16,48,warp,cuda:0,0.8965499873738736,Windows 11,AMD64,"AMD64 Family 23 Model 113 Stepping 0, AuthenticAMD",3.12.13,NVIDIA GeForce RTX 4060,610.88
64,192,jax,cpu,0.11560000712051988,Windows 11,AMD64,"AMD64 Family 23 Model 113 Stepping 0, AuthenticAMD",3.12.13,NVIDIA GeForce RTX 4060,610.88
64,192,casadi,cpu,0.11449999874457717,Windows 11,AMD64,"AMD64 Family 23 Model 113 Stepping 0, AuthenticAMD",3.12.13,NVIDIA GeForce RTX 4060,610.88
64,192,csdl,cpu,3.253750008298084,Windows 11,AMD64,"AMD64 Family 23 Model 113 Stepping 0, AuthenticAMD",3.12.13,NVIDIA GeForce RTX 4060,610.88
64,192,warp,cuda:0,0.8912500052247196,Windows 11,AMD64,"AMD64 Family 23 Model 113 Stepping 0, AuthenticAMD",3.12.13,NVIDIA GeForce RTX 4060,610.88
256,768,jax,cpu,0.25305000599473715,Windows 11,AMD64,"AMD64 Family 23 Model 113 Stepping 0, AuthenticAMD",3.12.13,NVIDIA GeForce RTX 4060,610.88
256,768,casadi,cpu,0.28899998869746923,Windows 11,AMD64,"AMD64 Family 23 Model 113 Stepping 0, AuthenticAMD",3.12.13,NVIDIA GeForce RTX 4060,610.88
256,768,csdl,cpu,3.2595999946352094,Windows 11,AMD64,"AMD64 Family 23 Model 113 Stepping 0, AuthenticAMD",3.12.13,NVIDIA GeForce RTX 4060,610.88
256,768,warp,cuda:0,1.0140000085812062,Windows 11,AMD64,"AMD64 Family 23 Model 113 Stepping 0, AuthenticAMD",3.12.13,NVIDIA GeForce RTX 4060,610.88
1024,3072,jax,cpu,0.23129998589865863,Windows 11,AMD64,"AMD64 Family 23 Model 113 Stepping 0, AuthenticAMD",3.12.13,NVIDIA GeForce RTX 4060,610.88
1024,3072,casadi,cpu,0.9430500213056803,Windows 11,AMD64,"AMD64 Family 23 Model 113 Stepping 0, AuthenticAMD",3.12.13,NVIDIA GeForce RTX 4060,610.88
1024,3072,csdl,cpu,3.6274499725550413,Windows 11,AMD64,"AMD64 Family 23 Model 113 Stepping 0, AuthenticAMD",3.12.13,NVIDIA GeForce RTX 4060,610.88
1024,3072,warp,cuda:0,1.0477500036358833,Windows 11,AMD64,"AMD64 Family 23 Model 113 Stepping 0, AuthenticAMD",3.12.13,NVIDIA GeForce RTX 4060,610.88
4096,12288,jax,cpu,0.29185001039877534,Windows 11,AMD64,"AMD64 Family 23 Model 113 Stepping 0, AuthenticAMD",3.12.13,NVIDIA GeForce RTX 4060,610.88
4096,12288,casadi,cpu,3.7588499835692346,Windows 11,AMD64,"AMD64 Family 23 Model 113 Stepping 0, AuthenticAMD",3.12.13,NVIDIA GeForce RTX 4060,610.88
4096,12288,csdl,cpu,4.403099970659241,Windows 11,AMD64,"AMD64 Family 23 Model 113 Stepping 0, AuthenticAMD",3.12.13,NVIDIA GeForce RTX 4060,610.88
4096,12288,warp,cuda:0,1.2718499929178506,Windows 11,AMD64,"AMD64 Family 23 Model 113 Stepping 0, AuthenticAMD",3.12.13,NVIDIA GeForce RTX 4060,610.88
