n_nodes,n_dv,source,deriv,device,objective,n_iter,n_model_evals,n_grad_evals,setup_s,solve_s,model_s,optimizer_s,error_vs_reference,stamp_os,stamp_arch,stamp_cpu,stamp_python,stamp_gpu,stamp_gpu_driver
1,3,jax,exact,cpu,5.621991389943869e-24,14,17,14,0.05891859997063875,0.0050826999940909445,0.003642900090198964,0.0014397999038919806,5.314415574275699e-12,Windows 11,AMD64,"AMD64 Family 23 Model 113 Stepping 0, AuthenticAMD",3.12.13,NVIDIA GeForce RTX 4060,610.88
1,3,casadi,exact,cpu,5.62263608521503e-24,14,17,14,0.01923419995000586,0.002629700000397861,0.0015196999302133918,0.0011100000701844692,5.314415574275699e-12,Windows 11,AMD64,"AMD64 Family 23 Model 113 Stepping 0, AuthenticAMD",3.12.13,NVIDIA GeForce RTX 4060,610.88
1,3,csdl,exact,cpu,5.62263608521503e-24,14,17,14,0.8994056000374258,0.06309120001969859,0.060783500026445836,0.002307699993252754,5.314415574275699e-12,Windows 11,AMD64,"AMD64 Family 23 Model 113 Stepping 0, AuthenticAMD",3.12.13,NVIDIA GeForce RTX 4060,610.88
1,3,warp,exact,cuda:0,5.621991389943869e-24,14,17,14,0.5568795999861322,0.020472100004553795,0.019057199824601412,0.001414900179952383,5.314415574275699e-12,Windows 11,AMD64,"AMD64 Family 23 Model 113 Stepping 0, AuthenticAMD",3.12.13,NVIDIA GeForce RTX 4060,610.88
1,3,numpy,fd-central,cpu,7.176908010182939e-20,14,101,14,0.0008075999794527888,0.016686699993442744,0.015135400113649666,0.0015512998797930777,1.2668233129176087e-10,Windows 11,AMD64,"AMD64 Family 23 Model 113 Stepping 0, AuthenticAMD",3.12.13,NVIDIA GeForce RTX 4060,610.88
1,3,numpy,fd-forward,cpu,1.5571666889600534e-15,13,76,13,1.4100049156695604e-05,0.013070199987851083,0.011573900294024497,0.001496299693826586,8.770656867440607e-09,Windows 11,AMD64,"AMD64 Family 23 Model 113 Stepping 0, AuthenticAMD",3.12.13,NVIDIA GeForce RTX 4060,610.88
1,3,ga,none,cpu,3.980820442624922e-08,3001,300000,0,0.0,25.132127800025046,25.132127800025046,0.0,9.90250091688627e-05,Windows 11,AMD64,"AMD64 Family 23 Model 113 Stepping 0, AuthenticAMD",3.12.13,NVIDIA GeForce RTX 4060,610.88
2,6,jax,exact,cpu,1.0621748535843877e-22,23,28,23,0.010250199993606657,0.008225199999287724,0.0061530001112259924,0.002072199888061732,2.4092616790483135e-11,Windows 11,AMD64,"AMD64 Family 23 Model 113 Stepping 0, AuthenticAMD",3.12.13,NVIDIA GeForce RTX 4060,610.88
2,6,casadi,exact,cpu,1.0621753332906523e-22,23,28,23,0.002716600021813065,0.004094699979759753,0.002541100257076323,0.0015535997226834297,2.4092339234726978e-11,Windows 11,AMD64,"AMD64 Family 23 Model 113 Stepping 0, AuthenticAMD",3.12.13,NVIDIA GeForce RTX 4060,610.88
2,6,csdl,exact,cpu,1.0621082869010408e-22,23,28,23,0.003947699966374785,0.12430340005084872,0.11967980006011203,0.004623599990736693,2.4092616790483135e-11,Windows 11,AMD64,"AMD64 Family 23 Model 113 Stepping 0, AuthenticAMD",3.12.13,NVIDIA GeForce RTX 4060,610.88
2,6,warp,exact,cuda:0,1.0621849816386934e-22,23,28,23,0.002208599995356053,0.034805300005245954,0.03251260006800294,0.0022926999372430146,2.4092616790483135e-11,Windows 11,AMD64,"AMD64 Family 23 Model 113 Stepping 0, AuthenticAMD",3.12.13,NVIDIA GeForce RTX 4060,610.88
2,6,numpy,fd-central,cpu,2.5703111100983807e-19,23,304,23,1.5600002370774746e-05,0.05000119999749586,0.045666900055948645,0.004334299941547215,1.3124809572495622e-10,Windows 11,AMD64,"AMD64 Family 23 Model 113 Stepping 0, AuthenticAMD",3.12.13,NVIDIA GeForce RTX 4060,610.88
2,6,numpy,fd-forward,cpu,8.106177131667641e-15,22,189,22,1.4299992471933365e-05,0.03166029998101294,0.02878790005343035,0.0028723999275825918,3.146271743137419e-08,Windows 11,AMD64,"AMD64 Family 23 Model 113 Stepping 0, AuthenticAMD",3.12.13,NVIDIA GeForce RTX 4060,610.88
2,6,ga,none,cpu,1.1651363766223343e-07,3001,300000,0,0.0,25.27607199997874,25.27607199997874,0.0,0.00031376819761574914,Windows 11,AMD64,"AMD64 Family 23 Model 113 Stepping 0, AuthenticAMD",3.12.13,NVIDIA GeForce RTX 4060,610.88
4,12,jax,exact,cpu,2.9278968350197623e-23,35,47,35,0.009582299971953034,0.013693699962459505,0.010357199818827212,0.0033365001436322927,1.7483348102587115e-11,Windows 11,AMD64,"AMD64 Family 23 Model 113 Stepping 0, AuthenticAMD",3.12.13,NVIDIA GeForce RTX 4060,610.88
4,12,casadi,exact,cpu,2.927971200729924e-23,35,47,35,0.002922500018030405,0.0066448000143282115,0.004209799983073026,0.0024350000312551856,1.7483348102587115e-11,Windows 11,AMD64,"AMD64 Family 23 Model 113 Stepping 0, AuthenticAMD",3.12.13,NVIDIA GeForce RTX 4060,610.88
4,12,csdl,exact,cpu,2.9278005122290583e-23,35,47,35,0.004068100010044873,0.19246779999230057,0.18767150037456304,0.004796299617737532,1.7483348102587115e-11,Windows 11,AMD64,"AMD64 Family 23 Model 113 Stepping 0, AuthenticAMD",3.12.13,NVIDIA GeForce RTX 4060,610.88
4,12,warp,exact,cuda:0,2.927695215046079e-23,35,47,35,0.002036400022916496,0.05986380000831559,0.0519569999887608,0.007906800019554794,1.7483348102587115e-11,Windows 11,AMD64,"AMD64 Family 23 Model 113 Stepping 0, AuthenticAMD",3.12.13,NVIDIA GeForce RTX 4060,610.88
4,12,numpy,fd-central,cpu,5.030917403154732e-19,35,887,35,1.4199991710484028e-05,0.14464940002653748,0.13484019844327122,0.009809201583266258,1.288576745306358e-10,Windows 11,AMD64,"AMD64 Family 23 Model 113 Stepping 0, AuthenticAMD",3.12.13,NVIDIA GeForce RTX 4060,610.88
4,12,numpy,fd-forward,cpu,1.3234123940567429e-14,34,495,34,1.4199991710484028e-05,0.08260679995873943,0.07577130035497248,0.006835499603766948,3.1433217362319965e-08,Windows 11,AMD64,"AMD64 Family 23 Model 113 Stepping 0, AuthenticAMD",3.12.13,NVIDIA GeForce RTX 4060,610.88
4,12,ga,none,cpu,1.9843640206984015e-06,3001,300000,0,0.0,22.2499215999851,22.2499215999851,0.0,0.00047070056353221146,Windows 11,AMD64,"AMD64 Family 23 Model 113 Stepping 0, AuthenticAMD",3.12.13,NVIDIA GeForce RTX 4060,610.88
8,24,jax,exact,cpu,1.624304410194806e-22,57,83,57,0.00953710003523156,0.029634299979079515,0.019145399681292474,0.01048890029778704,3.4555136529945685e-11,Windows 11,AMD64,"AMD64 Family 23 Model 113 Stepping 0, AuthenticAMD",3.12.13,NVIDIA GeForce RTX 4060,610.88
8,24,casadi,exact,cpu,1.6243114372919723e-22,57,83,57,0.00371000001905486,0.017698400013614446,0.00833879952551797,0.009359600488096476,3.4555136529945685e-11,Windows 11,AMD64,"AMD64 Family 23 Model 113 Stepping 0, AuthenticAMD",3.12.13,NVIDIA GeForce RTX 4060,610.88
8,24,csdl,exact,cpu,1.624307979844958e-22,57,83,57,0.003881499986164272,0.3388410999905318,0.3247401002445258,0.014100999746005982,3.455524755224815e-11,Windows 11,AMD64,"AMD64 Family 23 Model 113 Stepping 0, AuthenticAMD",3.12.13,NVIDIA GeForce RTX 4060,610.88
8,24,warp,exact,cuda:0,1.6242965299803422e-22,57,83,57,0.0022942000068724155,0.11330079997424036,0.10013460012851283,0.013166199845727533,3.455524755224815e-11,Windows 11,AMD64,"AMD64 Family 23 Model 113 Stepping 0, AuthenticAMD",3.12.13,NVIDIA GeForce RTX 4060,610.88
8,24,numpy,fd-central,cpu,9.924145992365613e-19,58,2867,58,1.479999627918005e-05,0.4732936000218615,0.439552701136563,0.03374089888529852,1.2951331673782818e-10,Windows 11,AMD64,"AMD64 Family 23 Model 113 Stepping 0, AuthenticAMD",3.12.13,NVIDIA GeForce RTX 4060,610.88
8,24,numpy,fd-forward,cpu,2.4041339759779134e-14,914,32433,914,1.5099998563528061e-05,5.607216799980961,5.034579305036459,0.5726374949445017,5.291568594412155e-08,Windows 11,AMD64,"AMD64 Family 23 Model 113 Stepping 0, AuthenticAMD",3.12.13,NVIDIA GeForce RTX 4060,610.88
16,48,jax,exact,cpu,6.683690927110664e-21,77,132,77,0.010196799994446337,0.04740670003229752,0.029207699524704367,0.018199000507593155,1.6983109363266635e-10,Windows 11,AMD64,"AMD64 Family 23 Model 113 Stepping 0, AuthenticAMD",3.12.13,NVIDIA GeForce RTX 4060,610.88
16,48,casadi,exact,cpu,6.6836810899327204e-21,77,132,77,0.0042579000000841916,0.031234399997629225,0.013761700305622071,0.017472699692007154,1.698308160769102e-10,Windows 11,AMD64,"AMD64 Family 23 Model 113 Stepping 0, AuthenticAMD",3.12.13,NVIDIA GeForce RTX 4060,610.88
16,48,csdl,exact,cpu,6.683673417390077e-21,77,132,77,0.004157000046689063,0.4926312000025064,0.47214269981486723,0.020488500187639147,1.6983031647654911e-10,Windows 11,AMD64,"AMD64 Family 23 Model 113 Stepping 0, AuthenticAMD",3.12.13,NVIDIA GeForce RTX 4060,610.88
16,48,warp,exact,cuda:0,6.6836834443948405e-21,77,132,77,0.003299299976788461,0.17282690003048629,0.15234549983870238,0.020481400191783905,1.6983109363266635e-10,Windows 11,AMD64,"AMD64 Family 23 Model 113 Stepping 0, AuthenticAMD",3.12.13,NVIDIA GeForce RTX 4060,610.88
16,48,numpy,fd-central,cpu,1.9841659583583965e-18,77,7524,77,1.4699995517730713e-05,1.2310233999742195,1.1521308004739694,0.07889259950025007,2.0747648044050493e-10,Windows 11,AMD64,"AMD64 Family 23 Model 113 Stepping 0, AuthenticAMD",3.12.13,NVIDIA GeForce RTX 4060,610.88
16,48,numpy,fd-forward,cpu,4.7350451436781765e-14,64,3266,64,1.780001912266016e-05,0.5488289000350051,0.5047101995442063,0.0441187004907988,5.827639215638669e-08,Windows 11,AMD64,"AMD64 Family 23 Model 113 Stepping 0, AuthenticAMD",3.12.13,NVIDIA GeForce RTX 4060,610.88
32,96,jax,exact,cpu,7.926531972008347e-21,104,213,104,0.009597399970516562,0.09144480002578348,0.04411249962868169,0.04733230039710179,1.782639036385092e-10,Windows 11,AMD64,"AMD64 Family 23 Model 113 Stepping 0, AuthenticAMD",3.12.13,NVIDIA GeForce RTX 4060,610.88
32,96,casadi,exact,cpu,7.92654950671292e-21,104,213,104,0.00599009997677058,0.06706980004673824,0.023588200274389237,0.043481599772349,1.7826412568311412e-10,Windows 11,AMD64,"AMD64 Family 23 Model 113 Stepping 0, AuthenticAMD",3.12.13,NVIDIA GeForce RTX 4060,610.88
32,96,csdl,exact,cpu,7.926517476209534e-21,104,213,104,0.003924100019503385,0.7475054999813437,0.695885400113184,0.05162009986815974,1.7826440323887027e-10,Windows 11,AMD64,"AMD64 Family 23 Model 113 Stepping 0, AuthenticAMD",3.12.13,NVIDIA GeForce RTX 4060,610.88
32,96,warp,exact,cuda:0,7.926502278067224e-21,104,213,104,0.0018616999732330441,0.27313310001045465,0.21379390032961965,0.05933919968083501,1.782642922165678e-10,Windows 11,AMD64,"AMD64 Family 23 Model 113 Stepping 0, AuthenticAMD",3.12.13,NVIDIA GeForce RTX 4060,610.88
64,192,jax,exact,cpu,1.288331551198861e-20,159,381,159,0.009720200032461435,0.2688558000372723,0.07406399998581037,0.1947918000514619,1.4636220013741763e-10,Windows 11,AMD64,"AMD64 Family 23 Model 113 Stepping 0, AuthenticAMD",3.12.13,NVIDIA GeForce RTX 4060,610.88
64,192,casadi,exact,cpu,1.2883316433379711e-20,159,381,159,0.009118699992541224,0.23871539998799562,0.04987399990204722,0.1888414000859484,1.4636220013741763e-10,Windows 11,AMD64,"AMD64 Family 23 Model 113 Stepping 0, AuthenticAMD",3.12.13,NVIDIA GeForce RTX 4060,610.88
64,192,csdl,exact,cpu,1.2883323874090159e-20,159,381,159,0.003940600028727204,1.346170099976007,1.1441050003631972,0.20206509961280972,1.4636236667087132e-10,Windows 11,AMD64,"AMD64 Family 23 Model 113 Stepping 0, AuthenticAMD",3.12.13,NVIDIA GeForce RTX 4060,610.88
64,192,warp,exact,cuda:0,1.2883308725892554e-20,159,381,159,0.002153199980966747,0.6148943000007421,0.402515999332536,0.21237830066820607,1.4636236667087132e-10,Windows 11,AMD64,"AMD64 Family 23 Model 113 Stepping 0, AuthenticAMD",3.12.13,NVIDIA GeForce RTX 4060,610.88
128,384,jax,exact,cpu,6.358000435212634e-21,258,690,258,0.01020530000096187,1.5545961000025272,0.18376520031597465,1.3708308996865526,1.0785206061569852e-10,Windows 11,AMD64,"AMD64 Family 23 Model 113 Stepping 0, AuthenticAMD",3.12.13,NVIDIA GeForce RTX 4060,610.88
128,384,casadi,exact,cpu,6.358012951724653e-21,258,690,258,0.01567260001320392,1.4613392999744974,0.13907099881907925,1.3222683011554182,1.078518385710936e-10,Windows 11,AMD64,"AMD64 Family 23 Model 113 Stepping 0, AuthenticAMD",3.12.13,NVIDIA GeForce RTX 4060,610.88
128,384,csdl,exact,cpu,6.358011131429564e-21,258,690,258,0.00406399997882545,3.4341643000370823,2.1137021993636154,1.320462100673467,1.0785144999303498e-10,Windows 11,AMD64,"AMD64 Family 23 Model 113 Stepping 0, AuthenticAMD",3.12.13,NVIDIA GeForce RTX 4060,610.88
128,384,warp,exact,cuda:0,6.3580838021629375e-21,258,690,258,0.003519899968523532,2.2148550000274554,0.8521561992820352,1.3626988007454202,1.078525602160596e-10,Windows 11,AMD64,"AMD64 Family 23 Model 113 Stepping 0, AuthenticAMD",3.12.13,NVIDIA GeForce RTX 4060,610.88
